Name,Team,Season,PA,BBE,Damage/BBE (%),90th Pctile EV,Max EV,Pulled FB (%),SEAGER,Selectivity (%),Hittable Pitch Take (%),Chase (%),Z-Contact (%),Whiff vs. Secondaries (%),Contact Over Expected (%)
Eddie Rosario,ATL,2025,4,2,0.0,65.8,66.7,0.0,5.0,30.0,25.0,50.0,42.9,66.7,-38.9
Mason McCoy,SD,2025,5,2,0.0,70.2,71.6,0.0,-29.2,37.5,66.7,58.3,50.0,75.0,-17.6
Dairon Blanco,KC,2025,1,1,0.0,72.9,72.9,0.0,-16.7,33.3,50.0,33.3,0.0,66.7,-37.1
Jonathan Ornelas,TEX,2025,6,2,0.0,75.3,79.7,0.0,24.5,46.7,22.2,42.9,83.3,50.0,-10.1
Niko Kavadas,LAA,2025,1,1,0.0,84.9,84.9,0.0,33.4,66.7,33.3,33.3,100.0,0.0,13.3
Davis Schneider,TOR,2025,21,7,0.0,85.7,89.1,0.0,32.4,67.2,34.8,18.6,82.4,28.6,-13.6
Dominic Canzone,SEA,2025,3,1,0.0,88.0,88.0,0.0,35.0,60.0,25.0,75.0,0.0,60.0,-19.9
Nicky Lopez,LAA,2025,6,5,0.0,89.3,96.9,0.0,-4.2,33.3,37.5,25.0,75.0,33.3,-2.6
Ryne Nelson,ARI,2025,1,1,0.0,89.8,89.8,0.0,33.4,66.7,33.3,33.3,,,19.9
Luke Williams,ATL,2025,1,1,0.0,91.4,91.4,0.0,0.0,50.0,50.0,0.0,100.0,0.0,9.2
Johnathan Rodriguez,CLE,2025,5,2,0.0,93.2,95.5,0.0,35.0,60.0,25.0,41.7,75.0,83.3,-34.2
Rob Brantly,MIA,2025,7,6,16.7,93.8,95.1,0.0,-35.7,14.3,50.0,60.0,66.7,71.4,-19.4
Gage Workman,CWS,2025,2,1,0.0,94.0,94.0,0.0,-46.7,20.0,66.7,60.0,33.3,80.0,-46.5
Nick Ahmed,TEX,2025,10,6,16.7,94.4,97.6,0.0,-35.2,26.3,61.5,46.7,45.5,40.0,-28.9
Blaine Crim,TEX,2025,13,5,0.0,94.6,97.8,0.0,41.1,59.0,17.9,30.6,63.6,66.7,-19.9
Manuel Margot,DET,2025,20,15,6.7,94.7,102.8,0.0,-20.7,30.8,51.5,41.7,76.9,18.8,-6.4
Dylan Carlson,BAL,2025,17,8,0.0,94.7,98.3,12.5,1.0,45.7,44.7,24.3,73.9,41.7,-10.6
Jonny DeLuca,TB,2025,25,19,5.3,95.2,103.6,10.5,-11.0,39.0,50.0,44.2,80.8,32.0,0.8
Samad Taylor,SEA,2025,9,8,12.5,95.3,100.6,12.5,31.0,42.1,11.1,53.8,100.0,25.0,-4.0
Tyler Wade,SD,2025,68,39,0.0,95.5,100.3,7.7,-1.1,48.0,49.1,30.1,84.1,43.6,-4.0
Mike Tauchman,CWS,2025,12,8,0.0,95.6,97.1,0.0,2.6,48.8,46.2,30.8,82.4,20.0,3.7
Connor Joe,SD,2025,10,3,0.0,95.7,96.0,0.0,-17.5,45.5,63.0,25.0,90.9,33.3,-4.5
Omar Narvaez,CWS,2025,10,7,0.0,95.8,97.7,28.6,20.8,50.0,29.2,25.0,92.3,0.0,-0.2
Jacob Hurtubise,CIN,2025,16,6,0.0,95.8,97.8,0.0,18.9,52.2,33.3,25.0,88.2,28.6,-7.4
Brett Wisely,SF,2025,12,9,0.0,95.9,97.3,22.2,-17.1,29.6,46.7,50.0,81.2,14.3,-8.0
Cal Stevenson,PHI,2025,8,6,0.0,96.0,97.9,0.0,5.9,44.4,38.5,44.4,100.0,0.0,0.3
Chandler Simpson,TB,2025,95,78,0.0,96.0,107.6,5.1,-8.9,39.4,48.3,39.0,92.2,28.8,6.8
Luis Arraez,SD,2025,164,152,0.7,96.3,107.8,8.6,0.0,44.2,44.2,38.0,97.6,4.8,16.9
Garrett Hampson,ARI,2025,41,22,0.0,96.3,97.6,9.1,22.7,57.5,34.8,25.7,82.5,25.0,-2.1
Ezequiel Duran,TEX,2025,27,18,16.7,96.5,104.6,0.0,9.5,40.3,30.8,50.0,89.3,38.9,-6.7
Jake McCarthy,ARI,2025,47,36,5.6,96.5,103.8,11.1,9.7,50.9,41.2,32.0,91.1,29.4,2.5
Adam Frazier,PIT,2025,135,100,4.0,96.5,101.1,10.0,0.3,43.3,43.0,34.5,89.5,19.7,2.3
Chris Taylor,LAD,2025,35,22,18.2,96.7,104.3,13.6,6.4,42.3,35.9,31.9,73.6,35.0,-19.1
Leo Rivas,SEA,2025,55,34,2.9,96.7,100.6,8.8,14.8,56.9,42.1,19.3,83.9,33.3,-6.3
Jurickson Profar,ATL,2025,17,12,0.0,96.8,99.3,8.3,-10.3,37.3,47.6,46.4,90.9,9.5,13.5
Tucker Barnhart,TEX,2025,11,7,0.0,97.0,100.2,0.0,5.5,46.4,40.9,20.0,100.0,0.0,14.2
Jose Herrera,ARI,2025,57,36,2.8,97.2,100.8,11.1,7.7,54.0,46.3,20.9,88.3,31.7,-1.3
Jorge Barrosa,ARI,2025,16,11,18.2,97.3,101.3,18.2,20.8,52.2,31.4,46.3,83.3,38.5,-0.1
Chadwick Tromp,ATL,2025,6,3,33.3,97.4,98.9,0.0,18.6,61.5,42.9,47.4,100.0,28.6,9.1
Jonah Bride,MIA,2025,45,25,16.0,97.4,100.4,4.0,15.6,57.4,41.8,24.6,87.0,40.5,-3.5
Kody Clemens,PHI,2025,7,6,16.7,97.6,103.1,0.0,-16.5,36.8,53.3,20.0,90.9,16.7,2.5
Jake Rogers,DET,2025,22,14,0.0,97.7,98.9,21.4,33.0,61.8,28.8,20.3,81.0,27.8,-2.5
Andruw Monasterio,MIL,2025,8,3,33.3,97.8,98.3,0.0,39.3,73.9,34.6,9.5,87.5,42.9,-6.4
Matt Shaw,CHC,2025,68,40,17.5,98.0,106.5,10.0,17.0,54.8,37.8,34.8,70.4,31.9,-8.1
Jacob Stallings,COL,2025,77,41,12.2,98.0,103.0,7.3,4.3,43.7,39.4,41.2,71.7,43.0,-11.1
Justin Turner,CHC,2025,75,49,6.1,98.0,104.2,6.1,24.7,52.5,27.8,33.5,95.7,18.5,6.3
Ryan Fitzgerald,MIN,2025,3,3,0.0,98.0,99.8,0.0,-30.0,20.0,50.0,75.0,50.0,0.0,-0.7
Gustavo Campero,LAA,2025,12,8,25.0,98.1,100.9,12.5,3.9,47.2,43.3,31.4,84.6,30.0,-4.1
Mauricio Dubon,HOU,2025,65,58,1.7,98.2,108.6,12.1,5.7,42.0,36.3,38.1,91.9,15.5,8.0
Will Brennan,CLE,2025,9,8,0.0,98.3,102.8,12.5,19.7,55.0,35.3,35.0,80.0,33.3,-1.2
Pablo Reyes,NYY,2025,27,16,0.0,98.4,100.3,0.0,8.4,48.1,39.7,30.2,86.7,20.0,-8.7
Michael Siani,STL,2025,17,10,10.0,98.5,105.8,10.0,-26.6,36.7,63.3,45.9,80.0,28.6,-6.1
Nasim Nunez,WSH,2025,39,26,7.7,98.5,103.7,0.0,4.2,45.3,41.1,34.6,94.2,34.4,-3.1
Maverick Handley,BAL,2025,15,9,22.2,98.7,105.1,22.2,-11.1,38.9,50.0,41.4,66.7,30.8,-19.1
Vidal Brujan,CHC,2025,10,7,0.0,98.7,100.1,14.3,-1.2,40.0,41.2,26.7,91.7,20.0,-7.1
Jacob Amaya,CWS,2025,68,51,3.9,98.8,108.0,3.9,-1.2,48.1,49.3,29.5,88.3,26.2,-2.0
Nicky Lopez,CHC,2025,20,13,0.0,98.8,99.9,7.7,6.3,51.0,44.7,26.9,94.4,10.0,7.4
Rhylan Thomas,SEA,2025,11,9,0.0,98.8,101.4,0.0,16.5,37.9,21.4,47.8,100.0,0.0,14.9
Ji Hwan Bae,PIT,2025,12,6,16.7,98.9,104.0,0.0,-11.9,42.3,54.2,47.1,60.0,57.1,-22.0
Liam Hicks,MIA,2025,82,64,10.9,98.9,108.5,12.5,4.9,48.5,43.6,21.7,91.0,13.2,1.0
Austin Barnes,LAD,2025,44,30,6.7,98.9,105.2,10.0,-2.0,48.0,50.0,29.2,86.7,36.4,-7.0
Hunter Feduccia,LAD,2025,3,1,0.0,98.9,98.9,0.0,-15.6,44.4,60.0,0.0,60.0,66.7,-22.1
Ernie Clement,TOR,2025,126,103,11.7,99.0,108.9,10.7,4.8,43.7,38.9,46.3,91.1,24.0,10.5
Ronny Simon,MIA,2025,40,30,6.7,99.0,108.8,0.0,11.3,52.0,40.7,33.3,88.6,15.6,6.1
Richie Palacios,TB,2025,4,4,25.0,99.2,102.2,0.0,25.0,50.0,25.0,36.4,75.0,0.0,6.9
Chas McCormick,HOU,2025,39,23,13.0,99.2,106.4,4.3,21.2,52.4,31.2,28.4,80.5,53.6,-10.6
Caleb Durbin,MIL,2025,90,74,5.4,99.2,103.5,9.5,2.3,46.2,43.9,25.3,92.4,20.7,3.4
Jose Iglesias,SD,2025,101,80,5.0,99.2,109.5,2.5,2.3,47.6,45.3,43.7,91.8,28.2,7.9
Steven Kwan,CLE,2025,193,157,2.5,99.2,104.1,8.3,6.5,51.2,44.7,30.0,96.7,12.7,10.7
Jacob Wilson,OAK,2025,179,161,5.0,99.3,108.5,6.8,1.4,42.1,40.7,37.8,93.1,13.5,11.1
Ben Rortvedt,TB,2025,55,39,2.6,99.3,103.0,12.8,3.4,47.7,44.3,24.2,87.9,25.6,-0.8
Taylor Walls,TB,2025,122,81,1.2,99.3,102.8,4.9,7.0,48.2,41.2,26.4,90.5,16.5,-2.3
Abraham Toro,BOS,2025,18,15,13.3,99.4,102.7,33.3,-2.7,42.1,44.8,42.5,90.5,23.8,5.1
Kevin Pillar,TEX,2025,38,32,6.2,99.4,104.7,12.5,-13.9,34.4,48.3,45.7,84.8,23.7,3.9
Tsung-Che Cheng,PIT,2025,7,4,0.0,99.4,100.6,0.0,-22.2,27.8,50.0,46.2,87.5,37.5,-3.9
Tyler Tolbert,KC,2025,5,3,33.3,99.5,102.8,0.0,-12.1,30.8,42.9,57.1,100.0,33.3,-2.7
Ozzie Albies,ATL,2025,194,148,9.5,99.5,106.8,16.2,11.6,45.1,33.5,40.0,89.5,19.5,-0.3
Santiago Espinal,CIN,2025,131,109,7.3,99.5,105.5,7.3,11.0,49.7,38.7,31.4,91.0,19.0,4.1
Yuli Gurriel,SD,2025,40,28,7.1,99.5,107.9,3.6,2.9,47.8,44.9,41.9,93.5,22.2,8.0
Xavier Edwards,MIA,2025,194,141,0.7,99.5,109.0,4.3,6.4,46.9,40.5,30.0,91.8,12.2,7.4
Aaron Schunk,COL,2025,21,16,0.0,99.5,100.6,6.2,-14.1,31.7,45.8,56.1,87.0,30.8,4.6
Emmanuel Rivera,BAL,2025,36,26,3.8,99.6,101.0,0.0,15.7,47.2,31.5,37.1,84.4,45.5,-4.9
Tyler Callihan,CIN,2025,6,5,20.0,99.8,100.2,0.0,5.0,46.7,41.7,18.2,87.5,0.0,2.5
Tim Anderson,LAA,2025,81,50,6.0,99.8,103.9,0.0,-4.8,37.9,42.7,37.5,78.5,46.5,-9.5
Victor Robles,SEA,2025,46,38,5.3,99.8,112.6,7.9,1.5,39.4,37.9,44.7,90.6,28.6,-0.9
Nick Allen,ATL,2025,129,88,3.4,99.8,104.4,4.5,8.8,46.2,37.4,32.1,86.8,23.8,-2.2
Nick Sogard,BOS,2025,22,18,16.7,99.9,105.6,16.7,2.3,49.0,46.7,18.4,95.7,26.7,1.4
Javier Sanoja,MIA,2025,98,76,10.5,99.9,104.5,7.9,5.1,49.6,44.5,35.3,95.5,15.3,9.5
Cavan Biggio,KC,2025,73,46,13.0,100.0,103.9,19.6,9.6,52.8,43.2,18.9,87.5,38.6,-4.1
Wilmer Flores,SF,2025,171,127,12.6,100.0,106.8,15.7,13.5,50.5,37.0,30.6,88.8,27.5,1.9
Sal Frelick,MIL,2025,164,128,7.0,100.0,106.6,8.6,4.9,49.4,44.5,28.3,93.1,15.5,4.5
Daz Cameron,MIL,2025,18,8,0.0,100.0,108.5,12.5,11.1,41.7,30.6,30.8,83.9,27.6,-7.4
Will Wilson,CLE,2025,26,14,21.4,100.1,102.1,0.0,37.3,48.2,10.9,44.0,77.4,65.4,-16.3
Vinny Capra,MIL,2025,59,41,2.4,100.1,103.9,7.3,8.2,47.7,39.5,29.9,85.5,39.3,-8.1
DJ LeMahieu,NYY,2025,5,3,0.0,100.1,100.3,0.0,35.7,50.0,14.3,53.8,83.3,50.0,-2.8
Kris Bryant,COL,2025,41,26,11.5,100.2,102.9,11.5,0.3,42.5,42.2,29.0,80.7,51.2,-14.0
Alex Call,WSH,2025,114,79,11.4,100.2,107.9,3.8,8.9,54.5,45.6,23.4,95.0,19.0,3.8
Alan Trejo,COL,2025,43,35,11.4,100.2,103.4,11.4,4.2,39.6,35.4,39.7,80.8,30.4,-2.8
Myles Straw,TOR,2025,80,64,9.4,100.2,105.8,4.7,2.4,47.5,45.1,32.9,93.9,16.7,4.7
Danny Jansen,TB,2025,113,71,7.0,100.2,106.7,19.7,26.4,56.5,30.1,22.5,86.3,22.4,0.5
Christian Vazquez,MIN,2025,71,50,6.0,100.2,104.2,10.0,13.2,51.5,38.3,29.0,91.4,13.7,0.6
Chase Meidroth,CWS,2025,84,59,5.1,100.2,107.1,5.1,12.7,58.3,45.6,24.4,90.5,25.0,4.3
Jorbit Vivas,NYY,2025,32,19,0.0,100.2,101.0,0.0,6.8,45.1,38.3,33.3,74.3,32.0,-13.9
Jordan Lawlar,ARI,2025,5,2,50.0,100.3,103.3,50.0,0.7,46.2,45.5,33.3,60.0,37.5,-19.2
Nico Hoerner,CHC,2025,176,148,7.4,100.3,104.7,6.1,6.8,47.8,41.0,36.1,96.4,13.2,10.5
Hayden Senger,NYM,2025,29,19,5.3,100.4,103.4,0.0,-2.8,44.1,46.9,40.7,77.8,42.9,-11.5
Stuart Fairchild,ATL,2025,31,20,10.0,100.6,103.3,15.0,3.7,41.0,37.3,32.8,86.1,36.0,-12.1
Keibert Ruiz,WSH,2025,159,132,6.1,100.6,107.8,5.3,5.2,44.8,39.6,36.6,92.3,22.9,10.2
Luis Campusano,SD,2025,10,5,20.0,100.7,101.4,20.0,25.3,70.0,44.7,18.9,83.3,20.0,-1.9
Miguel Amaya,CHC,2025,85,63,17.5,100.7,105.8,17.5,5.6,43.0,37.4,42.6,85.7,37.4,-1.7
Jose Altuve,HOU,2025,181,136,14.0,100.7,107.0,12.5,3.5,47.4,43.9,40.5,86.5,25.9,2.9
Josh Rojas,CWS,2025,36,20,10.0,100.7,102.0,5.0,-3.4,46.6,50.0,24.0,87.2,25.0,-5.0
Victor Scott,STL,2025,155,103,8.7,100.7,106.6,3.9,17.2,50.6,33.4,32.3,80.6,33.7,-9.8
Miguel Rojas,LAD,2025,67,56,3.6,100.7,103.3,3.6,6.5,45.5,39.0,34.7,91.8,28.6,1.0
Leody Taveras,SEA,2025,31,17,0.0,100.7,106.7,11.8,10.3,49.4,39.1,41.0,90.6,50.0,-4.9
Mark Canha,KC,2025,56,40,17.5,100.8,104.6,7.5,2.6,45.9,43.3,31.5,82.4,38.8,-2.0
Henry Davis,PIT,2025,42,31,16.1,100.8,105.6,22.6,8.6,46.4,37.8,36.0,96.1,26.8,2.0
Mookie Betts,LAD,2025,186,145,12.4,100.8,107.2,11.0,19.5,58.8,39.3,25.6,96.1,27.5,3.8
Isiah Kiner-Falefa,PIT,2025,125,93,4.3,100.8,105.5,4.3,11.4,50.8,39.4,33.1,93.0,19.7,7.1
Will Wagner,TOR,2025,68,45,2.2,100.8,104.9,6.7,4.1,43.7,39.6,29.9,90.1,28.8,-2.6
Tirso Ornelas,SD,2025,16,12,16.7,100.9,107.4,8.3,-5.8,48.5,54.3,32.4,93.8,23.1,9.7
Luke Keaschall,MIN,2025,26,17,11.8,100.9,104.2,5.9,29.8,57.1,27.3,20.4,96.6,21.4,6.2
Bryson Stott,PHI,2025,169,120,9.2,100.9,110.7,10.0,3.6,51.6,48.0,25.0,84.4,17.7,3.4
Rafael Marchan,PHI,2025,31,21,4.8,100.9,104.4,14.3,15.2,55.7,40.5,21.1,89.7,30.8,2.0
Donovan Solano,SEA,2025,62,44,2.3,100.9,103.7,6.8,-2.5,43.3,45.8,50.7,76.8,36.5,-8.9
Jeimer Candelario,CIN,2025,92,53,20.8,101.0,107.5,11.3,7.2,46.4,39.2,32.6,81.9,42.1,-9.4
Bobby Dalbec,CWS,2025,21,12,16.7,101.0,107.1,8.3,5.9,51.9,46.0,26.5,70.8,38.9,-9.6
Dustin Harris,TEX,2025,38,24,16.7,101.0,106.4,4.2,12.5,47.6,35.1,35.8,97.9,30.4,4.4
Michael Massey,KC,2025,155,125,12.0,101.0,108.0,16.8,3.3,43.7,40.4,40.3,86.2,19.3,5.0
Tyler Fitzgerald,SF,2025,94,65,7.7,101.0,107.0,12.3,9.4,44.5,35.1,36.7,85.5,34.6,-7.2
Nick Gonzales,PIT,2025,3,1,0.0,101.0,101.0,100.0,8.3,33.3,25.0,20.0,33.3,83.3,-53.7
Tyler Heineman,TOR,2025,45,36,13.9,101.1,104.5,13.9,-20.6,32.1,52.7,46.9,88.9,36.4,-0.8
Travis Jankowski,TB,2025,34,23,8.7,101.1,105.6,0.0,-8.4,43.0,51.4,25.0,90.9,40.0,-0.3
Yohel Pozo,STL,2025,44,41,7.3,101.1,104.9,4.9,19.1,41.9,22.8,51.5,92.3,15.0,10.9
Jose Azocar,NYM,2025,20,18,11.1,101.2,109.4,0.0,-0.2,42.2,42.4,32.4,100.0,5.3,13.1
Nolan Arenado,STL,2025,175,140,10.0,101.2,107.9,14.3,16.6,51.7,35.1,33.1,90.0,28.1,4.5
Nick Solak,PIT,2025,3,2,0.0,101.2,104.7,0.0,6.7,40.0,33.3,66.7,100.0,66.7,-8.7
LaMonte Wade,SF,2025,134,88,20.5,101.3,107.6,12.5,6.7,51.3,44.6,22.9,90.1,29.8,-3.8
Gavin Lux,CIN,2025,167,108,13.9,101.3,106.4,6.5,13.1,51.7,38.6,27.7,85.2,28.2,-3.8
Nolan Schanuel,LAA,2025,161,120,12.5,101.3,109.8,4.2,11.5,51.7,40.2,27.3,95.3,19.9,6.8
Hyeseong Kim,LAD,2025,33,26,11.5,101.3,105.2,7.7,7.5,48.1,40.6,37.0,90.6,35.9,-7.3
Owen Miller,COL,2025,18,10,10.0,101.3,106.7,10.0,16.1,55.0,38.9,39.5,86.7,0.0,7.9
Adael Amador,COL,2025,69,43,9.3,101.3,103.5,16.3,2.2,45.6,43.4,35.8,86.6,27.4,-2.1
Seth Brown,OAK,2025,53,30,16.7,101.4,111.3,10.0,14.6,47.9,33.3,31.6,76.7,53.7,-13.4
Drew Waters,KC,2025,109,77,11.7,101.4,109.6,5.2,2.9,37.3,34.4,40.9,81.6,32.1,-8.6
Kevin Newman,LAA,2025,35,27,11.1,101.4,105.5,14.8,-2.9,39.7,42.6,47.0,83.8,34.2,1.7
Jacob Young,WSH,2025,125,93,6.5,101.4,106.8,2.2,6.1,49.5,43.4,28.7,86.4,29.2,1.0
Jose Siri,NYM,2025,24,12,25.0,101.5,104.4,8.3,9.3,50.8,41.5,38.6,68.0,34.4,-9.3
Brayan Rocchio,CLE,2025,102,72,13.9,101.5,103.4,1.4,3.4,43.3,39.9,40.6,86.4,36.6,-4.7
Geraldo Perdomo,ARI,2025,193,139,12.9,101.5,107.5,7.9,1.9,51.2,49.3,21.4,95.2,15.7,8.9
David Hamilton,BOS,2025,58,41,12.2,101.5,105.9,12.2,0.7,44.8,44.1,37.5,85.2,30.8,-7.2
Leody Taveras,TEX,2025,82,57,8.8,101.5,109.8,7.0,-11.4,38.3,49.7,41.1,81.5,22.1,-3.6
Brooks Lee,MIN,2025,111,88,19.3,101.6,106.7,14.8,17.2,48.9,31.7,33.2,88.3,30.4,-2.6
Gio Urshela,OAK,2025,101,79,15.2,101.6,107.7,6.3,14.9,44.7,29.8,42.0,82.6,32.7,-1.4
Luke Maile,KC,2025,10,7,14.3,101.6,106.1,14.3,12.3,55.2,42.9,20.0,100.0,33.3,-1.5
Zach McKinstry,DET,2025,164,100,13.0,101.6,108.7,4.0,12.9,50.6,37.7,29.0,84.6,33.6,-1.7
Kyle Farmer,COL,2025,121,89,11.2,101.6,105.8,6.7,1.1,46.3,45.2,33.8,90.2,23.8,1.9
Jake Mangum,TB,2025,74,61,9.8,101.6,106.4,1.6,15.8,41.5,25.7,45.0,92.6,19.8,8.0
Miles Mastrobuoni,SEA,2025,90,68,8.8,101.6,107.2,2.9,-2.7,46.3,49.0,24.6,87.3,24.6,2.6
Jeff McNeil,NYM,2025,53,39,7.7,101.6,105.1,5.1,12.1,44.4,32.3,33.6,97.2,17.0,8.7
Jorge Mateo,BAL,2025,35,20,25.0,101.7,104.0,0.0,8.2,46.9,38.7,51.8,84.8,52.4,-8.3
Jonatan Clase,TOR,2025,22,15,20.0,101.7,105.1,6.7,-23.1,34.0,57.1,38.6,82.6,36.8,-7.8
Jose Caballero,TB,2025,109,64,12.5,101.7,106.2,7.8,18.4,55.6,37.2,29.4,86.3,24.7,-2.2
Josh Lowe,TB,2025,11,10,10.0,101.7,105.7,10.0,-4.2,37.9,42.1,45.8,87.5,18.8,7.5
Gage Workman,CHC,2025,15,8,25.0,101.8,105.6,0.0,25.8,46.9,21.1,37.5,73.3,66.7,-29.1
MJ Melendez,KC,2025,53,27,22.2,101.8,108.5,22.2,12.9,50.3,37.4,31.3,67.7,44.4,-19.6
Pavin Smith,ARI,2025,133,68,16.2,101.8,109.3,7.4,17.6,58.4,40.8,23.5,74.8,44.1,-12.8
Jason Heyward,SD,2025,85,61,11.5,101.8,108.9,14.8,5.6,47.4,41.8,38.1,89.2,39.0,-2.4
Moises Ballesteros,CHC,2025,9,8,0.0,101.8,107.5,0.0,14.3,47.6,33.3,40.0,57.1,0.0,-4.6
J.D. Davis,LAA,2025,10,6,16.7,101.9,102.9,0.0,-15.8,30.4,46.2,43.8,68.8,27.3,-19.1
Nick Martini,COL,2025,87,70,12.9,101.9,105.6,7.1,11.5,49.8,38.3,29.0,88.5,21.7,1.0
Royce Lewis,MIN,2025,34,26,11.5,101.9,106.4,3.8,19.4,54.2,34.8,29.3,83.3,25.0,-4.2
Tim Elko,CWS,2025,15,10,0.0,101.9,106.6,10.0,-1.6,42.4,44.0,34.5,81.2,28.6,-6.3
Korey Lee,CWS,2025,18,12,16.7,102.0,103.2,0.0,20.6,58.1,37.5,27.9,80.0,28.6,-0.9
Oswaldo Cabrera,NYY,2025,122,84,11.9,102.0,107.5,4.8,11.3,48.3,37.0,31.8,80.5,25.5,-3.2
Tyler Stephenson,CIN,2025,48,22,27.3,102.1,103.8,18.2,8.6,51.1,42.5,27.7,78.6,42.6,-14.0
Sam Haggerty,TEX,2025,11,9,22.2,102.1,103.1,0.0,-35.6,20.0,55.6,27.3,71.4,40.0,-20.3
Jonathan India,KC,2025,184,134,17.2,102.1,107.2,12.7,10.6,52.3,41.7,27.9,89.1,21.0,-0.1
Spencer Steer,CIN,2025,164,110,16.4,102.1,106.5,12.7,11.8,46.4,34.6,31.5,84.8,33.1,-9.2
Tomas Nido,DET,2025,34,23,13.0,102.1,105.3,4.3,17.8,44.9,27.1,41.8,86.8,33.3,-3.8
Jose Barrero,STL,2025,17,10,10.0,102.1,104.7,30.0,-7.1,40.0,47.1,42.9,87.5,36.4,-2.6
Zac Veen,COL,2025,37,20,10.0,102.1,109.2,15.0,12.6,38.9,26.3,41.4,66.0,29.6,-21.9
Travis Jankowski,CWS,2025,15,12,8.3,102.1,107.2,0.0,-8.1,40.0,48.1,26.1,85.0,55.6,-4.1
TJ Friedl,CIN,2025,187,132,5.3,102.1,106.9,9.8,15.5,54.6,39.1,24.1,92.2,30.0,0.3
Sean Bouchard,COL,2025,72,38,15.8,102.2,107.4,5.3,11.6,51.1,39.5,26.4,80.5,42.4,-14.9
Nathan Lukes,TOR,2025,81,57,15.8,102.2,104.8,5.3,6.9,50.3,43.4,32.8,88.5,18.2,7.4
Angel Martinez,CLE,2025,103,81,14.8,102.2,107.4,8.6,-5.9,38.5,44.4,46.7,92.5,19.2,3.9
Marcus Semien,TEX,2025,184,123,13.8,102.2,110.0,8.9,20.1,47.9,27.8,30.3,85.8,31.7,-3.5
Matt Gorski,PIT,2025,42,25,12.0,102.2,115.2,8.0,8.2,47.8,39.6,44.2,65.9,40.0,-15.5
Josh Smith,TEX,2025,143,105,21.0,102.3,108.2,4.8,3.3,44.6,41.3,33.0,91.0,23.0,0.2
Jonah Bride,MIN,2025,38,26,19.2,102.3,104.5,11.5,9.5,58.1,48.6,26.7,93.3,37.5,-4.3
Jose Ramirez,CLE,2025,173,141,14.2,102.3,111.3,16.3,14.4,49.5,35.1,33.9,89.8,19.4,3.4
J.P. Crawford,SEA,2025,172,112,13.4,102.3,108.6,10.7,7.8,49.6,41.8,27.2,84.2,20.8,2.3
Lane Thomas,CLE,2025,48,32,6.2,102.3,110.6,9.4,15.9,50.0,34.1,35.4,81.8,29.8,-12.1
Eddie Rosario,LAD,2025,4,4,50.0,102.4,103.3,0.0,25.0,50.0,25.0,0.0,100.0,0.0,21.8
Jung Hoo Lee,SF,2025,187,154,11.0,102.4,105.4,10.4,14.2,50.6,36.4,30.5,93.8,18.1,7.3
Brandon Lockridge,SD,2025,60,46,6.5,102.4,107.8,2.2,-0.2,41.0,41.2,43.2,86.7,28.1,-2.9
Connor Norby,MIA,2025,92,59,25.4,102.5,108.2,11.9,9.1,44.3,35.2,40.4,80.9,45.7,-11.1
Luis Urias,OAK,2025,109,81,16.0,102.5,106.8,9.9,16.6,54.2,37.6,25.6,95.4,12.5,6.3
Travis d'Arnaud,LAA,2025,58,37,24.3,102.6,105.0,5.4,4.3,43.0,38.7,37.5,76.4,41.4,-9.6
Ramon Urias,BAL,2025,91,61,21.3,102.6,107.1,9.8,23.4,53.9,30.5,31.5,85.6,30.2,-5.3
Justyn-Henry Malloy,DET,2025,96,53,20.8,102.6,111.7,11.3,25.3,57.7,32.4,19.1,80.4,43.3,-7.9
Michael Stefanic,TOR,2025,5,5,20.0,102.6,102.8,0.0,4.8,41.2,36.4,27.3,71.4,0.0,-6.8
Blake Dunn,CIN,2025,75,35,20.0,102.6,110.0,0.0,12.7,55.3,42.6,29.4,78.3,32.8,-13.3
Miguel Vargas,CWS,2025,173,123,19.5,102.6,110.0,10.6,10.5,47.2,36.7,26.4,83.8,22.9,-0.8
Isaac Paredes,HOU,2025,189,129,18.6,102.6,107.4,20.2,20.5,57.3,36.8,27.6,89.6,22.4,5.3
Isaac Collins,MIL,2025,73,45,15.6,102.6,111.2,6.7,6.0,49.5,43.5,23.0,80.5,23.5,-11.8
Endy Rodriguez,PIT,2025,51,33,15.2,102.6,104.9,9.1,-11.0,40.5,51.5,21.3,83.6,28.9,-6.2
Jhonny Pereda,OAK,2025,36,20,15.0,102.6,106.9,5.0,20.9,55.0,34.1,29.2,70.7,37.0,-13.4
Jose Tena,WSH,2025,87,61,14.8,102.6,108.5,0.0,11.3,51.0,39.7,33.3,85.5,27.0,-0.4
David Villar,SF,2025,23,14,35.7,102.7,108.5,0.0,1.9,50.0,48.1,14.6,79.2,36.4,-12.5
Brice Turang,MIL,2025,179,121,17.4,102.7,109.8,1.7,12.0,49.3,37.3,30.7,87.6,26.8,-0.9
Cedric Mullins,BAL,2025,169,106,17.0,102.7,108.4,20.8,12.2,50.7,38.5,28.0,88.2,25.2,-3.3
Evan Carter,TEX,2025,37,27,14.8,102.7,111.1,11.1,6.5,48.5,42.0,28.8,87.8,37.5,-6.7
Elias Diaz,SD,2025,96,67,13.4,102.7,111.4,11.9,13.3,50.0,36.7,36.0,83.7,36.6,-5.5
Tyrone Taylor,NYM,2025,127,92,10.9,102.7,109.5,5.4,5.4,46.2,40.8,34.2,90.5,30.3,1.4
Bryan De La Cruz,ATL,2025,50,30,40.0,102.8,106.5,6.7,-0.7,39.5,40.2,36.7,78.3,36.5,-10.1
Austin Hedges,CLE,2025,48,25,24.0,102.8,106.0,24.0,24.4,55.8,31.4,32.5,86.3,50.0,-7.9
Andy Pages,LAD,2025,168,116,17.2,102.8,110.6,11.2,5.3,43.1,37.8,37.7,88.8,24.9,0.3
Andres Gimenez,TOR,2025,143,103,12.6,102.8,105.9,8.7,1.0,44.7,43.7,40.1,84.0,21.5,-0.3
Ryan O'Hearn,BAL,2025,133,94,22.3,102.9,109.4,8.5,11.9,53.4,41.5,26.9,89.5,33.3,1.3
Kyle Higashioka,TEX,2025,67,54,20.4,102.9,106.7,14.8,12.5,49.7,37.2,25.0,90.1,31.5,2.9
Pedro Pages,STL,2025,116,83,16.9,102.9,108.7,10.8,3.6,42.6,39.0,39.0,88.7,33.9,-2.3
Joey Ortiz,MIL,2025,155,120,12.5,102.9,108.9,4.2,6.0,50.1,44.1,33.9,92.5,16.4,5.7
Willy Adames,SF,2025,201,129,31.0,103.0,109.9,9.3,16.7,50.9,34.2,29.4,85.6,41.0,-4.4
Nolan Gorman,STL,2025,90,55,27.3,103.0,107.2,14.5,15.7,53.1,37.4,26.3,81.4,28.8,-5.7
Andrew Benintendi,CWS,2025,96,68,22.1,103.0,108.5,27.9,18.8,50.4,31.6,33.5,78.4,29.9,-5.1
Jose Trevino,CIN,2025,99,79,19.0,103.0,107.9,7.6,4.4,45.9,41.5,36.2,89.7,27.2,2.6
DaShawn Keirsey,MIN,2025,43,30,10.0,103.0,106.9,3.3,20.8,52.0,31.2,34.0,89.4,29.3,-2.3
Ryan Bliss,SEA,2025,40,24,25.0,103.1,104.0,4.2,9.8,50.5,40.7,24.2,62.8,34.5,-18.4
Christian Encarnacion-Strand,CIN,2025,60,45,24.4,103.1,111.4,11.1,1.4,40.2,38.8,53.0,82.5,28.6,-2.1
Luis Matos,SF,2025,64,50,14.0,103.1,111.6,14.0,19.4,51.9,32.5,37.8,85.0,31.6,0.9
Otto Lopez,MIA,2025,118,92,12.0,103.1,109.9,2.2,7.3,49.6,42.3,36.2,87.6,25.0,4.3
Nick Maton,CWS,2025,63,35,25.7,103.2,109.3,17.1,18.0,50.8,32.8,29.1,70.8,56.9,-19.6
Patrick Bailey,SF,2025,127,79,16.5,103.2,107.8,8.9,1.0,43.7,42.7,34.8,78.0,46.9,-12.9
Brendan Donovan,STL,2025,188,153,16.3,103.2,109.2,7.2,0.3,46.0,45.7,29.8,93.5,17.2,7.1
Liover Peguero,PIT,2025,10,6,0.0,103.2,104.1,0.0,-18.4,31.6,50.0,31.2,100.0,37.5,-3.5
Brandon Marsh,PHI,2025,75,44,27.3,103.3,105.8,9.1,11.9,50.3,38.4,34.5,87.5,31.9,-1.0
Andrew McCutchen,PIT,2025,146,103,24.3,103.3,110.2,8.7,22.0,53.5,31.5,28.1,85.4,35.4,-4.9
Oliver Dunn,MIL,2025,41,28,14.3,103.3,109.1,0.0,10.1,50.5,40.4,24.7,72.1,30.8,-16.9
Freddy Fermin,KC,2025,88,67,13.4,103.3,108.3,7.5,15.2,45.1,29.9,34.8,86.5,25.0,-2.8
Luis Rengifo,LAA,2025,140,107,11.2,103.3,106.4,4.7,-3.4,40.5,43.9,37.1,85.9,22.5,-1.8
Mickey Gasper,MIN,2025,39,25,4.0,103.3,108.5,8.0,11.4,53.8,42.4,25.5,88.9,37.1,-5.5
Bo Naylor,CLE,2025,118,75,29.3,103.4,108.8,13.3,12.4,47.7,35.3,33.6,86.8,36.9,-2.6
Javier Baez,DET,2025,134,96,16.7,103.4,108.4,9.4,13.5,50.9,37.4,42.6,86.5,34.5,-2.9
Jonah Heim,TEX,2025,129,91,13.2,103.4,109.6,4.4,3.9,43.8,39.9,30.7,82.9,26.2,-3.3
Martin Maldonado,SD,2025,67,43,20.9,103.5,107.1,11.6,-11.7,43.6,55.3,39.7,87.0,48.1,-17.0
Max Schuemann,OAK,2025,40,31,12.9,103.5,105.7,0.0,-0.6,40.2,40.8,29.3,88.9,28.6,-4.4
Kyle Isbel,KC,2025,115,90,11.1,103.5,108.4,12.2,-4.1,41.7,45.8,34.5,88.7,25.5,0.0
Sam Huff,SF,2025,44,22,27.3,103.6,104.9,0.0,9.4,50.0,40.6,29.9,76.0,59.4,-15.1
Victor Caratini,HOU,2025,81,56,21.4,103.6,110.1,7.1,7.6,49.5,41.9,24.9,86.0,23.1,-1.0
Derek Hill,MIA,2025,63,35,20.0,103.6,112.3,0.0,8.5,47.2,38.7,40.9,87.1,39.2,-9.7
Curtis Mead,TB,2025,67,42,19.0,103.6,111.0,7.1,18.5,51.8,33.3,27.8,92.1,15.7,4.2
Nick Fortes,MIA,2025,41,30,13.3,103.6,106.4,10.0,14.0,47.3,33.3,41.5,91.2,32.1,2.1
Alex Bregman,BOS,2025,202,141,26.2,103.7,109.6,16.3,12.5,50.8,38.3,24.1,90.2,21.1,2.1
Nick Castellanos,PHI,2025,182,136,19.1,103.7,108.5,5.9,16.2,43.8,27.6,39.1,84.9,35.7,-3.2
Andy Ibanez,DET,2025,70,56,17.9,103.7,108.9,12.5,11.5,47.2,35.7,32.9,90.4,19.4,0.2
Brooks Baldwin,CWS,2025,137,96,14.6,103.7,110.0,9.4,4.7,46.2,41.5,33.1,80.2,25.9,-3.2
Johan Rojas,PHI,2025,91,58,8.6,103.7,112.4,6.9,13.7,49.3,35.6,43.1,85.9,29.8,-2.5
Lenyn Sosa,CWS,2025,155,118,30.5,103.8,107.6,6.8,-2.5,40.3,42.8,51.6,87.9,29.6,2.6
Connor Joe,CIN,2025,13,10,30.0,103.8,106.4,0.0,26.0,60.9,34.9,14.6,86.7,28.6,-1.8
Carson Kelly,CHC,2025,110,74,27.0,103.8,106.6,14.9,22.0,53.0,31.0,21.7,81.2,27.8,-4.5
Mike Yastrzemski,SF,2025,162,107,25.2,103.8,106.8,15.0,6.5,48.7,42.2,31.5,84.5,18.3,0.8
Alec Bohm,PHI,2025,170,131,22.1,103.8,109.3,1.5,12.2,47.7,35.5,28.8,90.7,20.6,6.8
Michael Busch,CHC,2025,164,101,21.8,103.8,107.8,15.8,16.4,49.7,33.3,29.2,84.4,38.5,-7.2
Will Benson,CIN,2025,25,16,18.8,103.8,106.9,12.5,20.0,50.0,30.0,26.9,77.1,34.3,-12.6
Ezequiel Tovar,COL,2025,74,57,15.8,103.8,111.1,8.8,8.0,43.1,35.1,41.1,85.9,31.0,0.2
Alex Verdugo,ATL,2025,104,86,9.3,103.8,107.7,2.3,-2.1,50.8,52.9,24.4,94.2,16.7,8.0
Spencer Torkelson,DET,2025,186,115,33.0,103.9,110.5,16.5,15.0,49.7,34.7,25.6,83.4,33.9,-7.0
Cody Bellinger,NYY,2025,170,119,22.7,103.9,110.2,10.9,13.5,50.6,37.1,31.9,88.5,24.9,1.8
Willi Castro,MIN,2025,107,72,20.8,103.9,109.9,13.9,4.1,41.8,37.7,37.5,83.4,18.3,-2.8
Gabriel Moreno,ARI,2025,125,90,16.7,103.9,105.6,1.1,7.9,49.4,41.5,32.1,88.4,18.5,2.8
Luis Garcia,WSH,2025,152,120,15.8,103.9,111.7,7.5,12.3,49.9,37.6,37.9,92.5,26.1,4.3
Kyle Tucker,CHC,2025,205,153,27.5,104.0,108.1,19.0,16.4,49.7,33.3,23.6,88.3,22.6,0.7
Daniel Schneemann,CLE,2025,103,65,23.1,104.0,111.2,6.2,11.9,50.0,38.1,30.1,79.0,34.5,-8.9
Lourdes Gurriel,ARI,2025,173,145,17.9,104.0,109.1,13.8,11.3,44.2,32.9,36.4,89.4,28.7,3.6
Jared Triolo,PIT,2025,91,67,16.4,104.0,106.2,10.4,10.3,45.9,35.6,33.9,84.6,32.9,-3.6
Trent Grisham,NYY,2025,133,90,33.3,104.1,109.8,15.6,6.8,51.0,44.2,22.8,95.0,22.4,-0.4
Gleyber Torres,DET,2025,143,115,27.0,104.1,108.9,11.3,18.4,52.2,33.8,21.6,87.1,17.1,0.4
Dylan Moore,SEA,2025,104,69,20.3,104.1,108.6,14.5,12.9,50.0,37.1,26.6,81.2,25.8,-5.2
Dane Myers,MIA,2025,88,63,27.0,104.2,106.8,3.2,-4.5,42.1,46.6,29.2,76.3,23.4,-5.6
Jazz Chisholm,NYY,2025,125,67,22.4,104.2,109.5,13.4,18.3,55.7,37.4,30.3,73.8,40.2,-12.6
JJ Bleday,OAK,2025,171,115,20.9,104.2,109.9,17.4,13.7,51.6,37.9,26.7,88.5,35.3,-5.5
Tim Tawa,ARI,2025,92,61,19.7,104.2,109.7,6.6,15.5,53.3,37.8,35.1,89.0,38.8,-9.2
Edgar Quero,CWS,2025,87,62,16.1,104.2,106.9,1.6,1.7,44.4,42.7,25.9,89.5,20.8,0.3
Jose Miranda,MIN,2025,36,23,8.7,104.2,109.7,17.4,-11.0,39.0,50.0,36.8,88.1,31.6,-2.5
Blake Sabol,BOS,2025,18,10,0.0,104.2,105.5,0.0,-7.7,43.5,51.2,44.0,90.9,36.4,-5.4
Austin Wells,NYY,2025,149,105,31.4,104.3,111.0,13.3,11.1,45.8,34.7,36.0,83.7,31.4,-2.6
Logan O'Hoppe,LAA,2025,138,84,31.0,104.3,111.1,14.3,16.9,48.8,31.9,33.2,75.8,46.2,-11.7
Mitch Garver,SEA,2025,81,44,27.3,104.3,107.4,11.4,16.5,54.6,38.1,20.2,76.3,37.1,-9.7
Rhys Hoskins,MIL,2025,158,99,27.3,104.3,111.1,23.2,19.7,54.4,34.7,24.1,81.4,35.0,-5.7
Paul DeJong,WSH,2025,57,30,26.7,104.3,108.7,3.3,8.5,39.3,30.8,36.4,75.8,31.1,-7.4
Mark Vientos,NYM,2025,167,119,24.4,104.3,110.4,5.0,12.8,48.4,35.6,32.7,79.6,38.8,-7.0
Anthony Santander,TOR,2025,173,116,19.8,104.3,110.4,20.7,6.3,45.5,39.2,34.8,81.9,20.6,1.5
Graham Pauley,MIA,2025,79,54,13.0,104.3,111.1,7.4,7.7,48.2,40.5,36.3,78.8,30.4,-6.1
Matt Mervis,MIA,2025,111,57,36.8,104.4,107.8,26.3,10.1,43.3,33.2,39.0,68.6,45.0,-17.2
Edmundo Sosa,PHI,2025,57,41,24.4,104.4,108.4,0.0,2.2,43.0,40.8,42.3,80.3,27.9,1.5
Masyn Winn,STL,2025,138,89,21.3,104.4,109.0,10.1,15.4,55.5,40.1,30.1,84.2,21.6,-2.9
Matt Thaiss,CWS,2025,96,60,15.0,104.4,109.9,8.3,19.8,49.7,29.9,25.1,81.9,23.4,-5.8
Will Smith,LAD,2025,142,90,32.2,104.5,107.7,8.9,21.5,58.4,36.9,23.8,88.7,27.1,-1.9
Kerry Carpenter,DET,2025,160,123,27.6,104.5,109.2,18.7,8.9,41.2,32.3,41.9,84.9,24.0,0.2
Alek Thomas,ARI,2025,126,91,26.4,104.5,109.4,3.3,6.4,45.4,39.0,37.1,87.9,28.9,-5.8
Ceddanne Rafaela,BOS,2025,153,113,23.9,104.5,109.1,4.4,7.9,40.0,32.1,46.4,80.0,31.6,-6.2
Joshua Palacios,CWS,2025,84,51,23.5,104.5,110.3,5.9,7.9,44.4,36.5,28.7,76.6,34.6,-10.7
Mickey Moniak,COL,2025,128,92,22.8,104.5,110.3,6.5,1.5,43.8,42.3,39.1,83.2,33.0,-5.8
Enmanuel Valdez,PIT,2025,101,74,20.3,104.5,108.5,8.1,5.2,49.2,44.0,32.1,90.1,25.3,-1.9
Christian Koss,SF,2025,64,42,16.7,104.5,107.4,4.8,12.9,45.3,32.4,38.8,70.9,43.1,-10.6
Kameron Misner,TB,2025,132,83,14.5,104.5,109.7,7.2,15.4,52.2,36.8,33.5,82.3,40.4,-8.6
Harrison Bader,MIN,2025,125,82,13.4,104.5,109.8,9.8,17.9,57.2,39.3,32.8,84.2,36.4,-2.8
Orlando Arcia,ATL,2025,32,24,12.5,104.5,106.4,4.2,-9.2,35.9,45.1,44.3,97.2,13.6,0.9
Kyle Manzardo,CLE,2025,157,98,30.6,104.6,107.8,18.4,10.3,49.4,39.1,28.8,78.0,28.4,-5.3
Yainer Diaz,HOU,2025,154,123,22.0,104.6,109.7,12.2,15.6,44.5,28.9,48.7,89.4,26.8,2.5
Vinnie Pasquantino,KC,2025,190,142,18.3,104.6,111.5,16.2,8.2,47.0,38.8,35.3,89.7,28.7,2.6
Trea Turner,PHI,2025,190,138,15.2,104.6,109.5,7.2,13.8,49.2,35.4,30.7,86.8,29.8,-2.2
Luisangel Acuna,NYM,2025,121,86,11.6,104.6,110.3,1.2,14.9,51.1,36.2,38.0,91.5,32.7,3.1
Austin Slater,CWS,2025,21,15,46.7,104.7,109.3,6.7,-1.5,44.7,46.2,31.6,81.0,35.0,-9.6
Jesse Winker,NYM,2025,78,49,32.7,104.7,109.3,12.2,1.6,45.0,43.4,22.4,85.7,25.4,-5.5
CJ Abrams,WSH,2025,146,104,25.0,104.7,112.7,17.3,14.6,51.2,36.6,34.6,84.4,32.8,1.1
Alec Burleson,STL,2025,125,99,24.2,104.7,110.4,6.1,-0.3,42.5,42.8,40.4,85.7,19.0,5.3
Ryan Jeffers,MIN,2025,132,91,24.2,104.7,110.4,5.5,19.7,58.4,38.7,25.2,88.5,28.7,1.4
Colton Cowser,BAL,2025,18,10,20.0,104.7,110.6,0.0,21.9,61.5,39.6,24.1,78.9,57.9,-15.6
Oswald Peraza,NYY,2025,62,39,15.4,104.7,109.2,15.4,3.0,41.1,38.1,36.3,84.5,33.9,-16.4
Coco Montes,TB,2025,10,7,14.3,104.7,105.2,0.0,-12.5,50.0,62.5,50.0,100.0,33.3,11.1
Oscar Gonzalez,SD,2025,61,46,13.0,104.7,110.9,4.3,13.8,38.8,25.0,55.4,80.6,28.8,-0.2
Heston Kjerstad,BAL,2025,110,71,32.4,104.8,106.8,9.9,16.5,46.0,29.5,40.5,82.0,38.5,-5.9
Edouard Julien,MIN,2025,104,63,25.4,104.8,110.1,3.2,13.8,52.1,38.3,26.0,86.8,34.2,-5.0
Yoan Moncada,LAA,2025,69,40,25.0,104.8,111.9,20.0,19.8,55.2,35.4,24.8,81.9,44.8,-7.6
Dillon Dingler,DET,2025,127,86,24.4,104.8,110.7,9.3,10.6,47.6,37.0,37.5,87.4,31.8,-3.8
Francisco Lindor,NYM,2025,204,149,23.5,104.8,109.7,10.7,6.8,48.0,41.2,32.5,87.0,23.4,1.7
Ke'Bryan Hayes,PIT,2025,168,125,21.6,104.8,109.7,2.4,18.2,54.6,36.4,32.6,89.5,29.5,0.7
Tommy Edman,LAD,2025,122,96,19.8,104.8,108.6,16.7,-0.2,44.5,44.7,37.0,92.6,20.0,1.2
Trey Sweeney,DET,2025,158,109,11.9,104.8,110.8,7.3,12.9,45.7,32.8,35.4,81.3,22.1,-3.1
Miguel Andujar,OAK,2025,129,108,10.2,104.8,111.4,6.5,15.5,47.7,32.2,34.6,90.8,23.7,5.4
Triston Casas,BOS,2025,111,72,25.0,104.9,110.9,12.5,16.1,48.1,32.0,26.9,77.4,41.4,-11.2
Jeremy Pena,HOU,2025,187,148,21.6,104.9,108.6,6.8,10.5,48.3,37.8,35.8,88.1,32.8,0.5
Hunter Renfroe,KC,2025,99,72,20.8,104.9,110.5,9.7,12.1,53.0,40.9,28.3,86.0,29.5,0.1
Jace Jung,DET,2025,53,30,20.0,104.9,107.3,3.3,10.9,50.0,39.1,28.3,83.9,24.5,-3.2
Adley Rutschman,BAL,2025,165,121,23.1,105.0,110.2,13.2,16.5,56.0,39.5,22.1,93.4,16.2,6.4
Jackson Holliday,BAL,2025,141,97,22.7,105.0,109.6,3.1,9.4,48.9,39.5,25.3,86.8,29.0,-1.5
Zach Dezenzo,HOU,2025,85,49,16.3,105.0,110.9,12.2,17.0,50.8,33.8,26.7,77.5,48.2,-12.9
Alan Roden,TOR,2025,84,57,15.8,105.0,107.6,14.0,5.5,48.5,43.0,36.4,88.6,27.7,-0.9
Luis Torrens,NYM,2025,84,60,30.0,105.1,108.0,5.0,6.9,46.6,39.7,35.1,84.0,32.9,-3.3
Josh Bell,WSH,2025,149,98,29.6,105.1,111.7,8.2,17.7,50.4,32.7,33.2,75.9,32.3,-8.1
Pete Crow-Armstrong,CHC,2025,189,135,29.6,105.1,108.6,17.0,4.8,40.2,35.4,47.3,82.5,25.6,-0.7
Gavin Sheets,SD,2025,140,91,26.4,105.1,110.1,8.8,13.4,51.8,38.4,34.4,86.2,34.4,-4.2
Jake Cronenworth,SD,2025,76,47,25.5,105.1,109.1,10.6,23.4,59.4,36.0,19.3,97.4,23.5,4.8
Max Muncy,OAK,2025,71,47,23.4,105.1,112.6,12.8,8.5,49.1,40.6,34.5,81.0,36.9,-10.9
Dylan Crews,WSH,2025,163,104,22.1,105.1,111.1,3.8,13.4,50.1,36.7,29.6,82.8,39.4,-8.6
J.C. Escarra,NYY,2025,42,30,16.7,105.1,106.6,10.0,14.1,49.2,35.1,25.5,94.2,38.5,1.5
Connor Wong,BOS,2025,46,28,14.3,105.1,106.7,3.6,15.9,49.6,33.7,41.3,83.7,46.0,-9.2
Jon Berti,CHC,2025,81,58,13.8,105.1,111.3,0.0,8.4,48.5,40.1,33.1,83.1,26.5,-6.4
Tyler O'Neill,BAL,2025,93,55,36.4,105.2,108.0,16.4,10.3,48.1,37.8,38.0,76.3,43.4,-11.9
Jarred Kelenic,ATL,2025,65,38,28.9,105.2,108.4,13.2,10.4,45.5,35.1,37.3,75.7,36.4,-19.6
Kristian Campbell,BOS,2025,167,101,26.7,105.2,112.2,7.9,17.9,54.7,36.8,27.2,78.6,39.7,-8.3
Xander Bogaerts,SD,2025,175,116,17.2,105.2,112.2,7.8,17.5,55.9,38.4,24.5,90.4,30.4,0.2
Ryan Kreidler,DET,2025,44,21,14.3,105.2,106.9,9.5,16.3,46.7,30.4,33.6,75.0,35.0,-18.3
Jordan Beck,COL,2025,126,77,31.2,105.3,110.8,9.1,13.3,49.6,36.3,35.7,78.5,38.6,-9.6
Matt McLain,CIN,2025,161,87,31.0,105.3,109.9,10.3,14.9,55.4,40.5,27.3,84.5,34.4,-9.0
Andrew Vaughn,CWS,2025,176,128,30.5,105.3,110.5,7.0,16.8,50.2,33.4,38.3,88.8,29.3,-0.7
Max Kepler,PHI,2025,158,109,24.8,105.3,109.3,10.1,4.9,43.4,38.5,30.4,87.6,28.5,-3.4
Ty France,MIN,2025,175,132,24.2,105.3,108.7,8.3,18.9,48.2,29.3,37.1,88.9,26.4,-0.8
Maikel Garcia,KC,2025,182,135,23.7,105.3,110.3,8.1,15.4,55.1,39.7,25.3,91.5,18.1,5.7
Jake Meyers,HOU,2025,143,103,20.4,105.3,107.9,4.9,13.8,48.4,34.6,29.1,90.7,34.8,-1.6
Ben Williamson,SEA,2025,101,70,20.0,105.3,110.4,1.4,-2.0,44.5,46.5,40.0,86.6,29.9,0.8
Eli White,ATL,2025,110,77,18.2,105.3,108.5,5.2,14.0,44.8,30.8,31.5,87.9,30.3,-3.9
Enrique Hernandez,LAD,2025,101,69,33.3,105.4,109.8,20.3,20.7,51.0,30.3,31.6,82.8,33.0,-11.6
Austin Hays,CIN,2025,83,55,27.3,105.4,108.5,10.9,17.3,47.9,30.6,37.6,76.4,43.5,-12.1
Rob Refsnyder,BOS,2025,49,31,22.6,105.4,111.5,16.1,14.8,53.7,38.9,30.2,78.4,34.1,-12.5
Jake Fraley,CIN,2025,91,62,17.7,105.4,108.5,14.5,12.1,48.1,36.0,31.6,91.5,27.5,-3.2
Carlos Correa,MIN,2025,157,120,19.2,105.5,112.6,5.8,13.7,47.9,34.2,34.6,89.1,27.9,2.0
Dansby Swanson,CHC,2025,189,123,30.1,105.6,109.3,8.1,24.2,52.6,28.4,25.6,81.4,34.6,-9.8
Brenton Doyle,COL,2025,149,103,29.1,105.6,111.3,7.8,11.0,49.4,38.4,32.8,85.2,29.0,-5.3
Anthony Volpe,NYY,2025,184,113,28.3,105.6,110.5,5.3,14.4,51.8,37.4,27.0,76.3,29.9,-9.0
Jackson Chourio,MIL,2025,196,148,23.0,105.6,110.0,6.8,1.8,41.3,39.5,43.1,88.1,34.8,0.0
Noelvi Marte,CIN,2025,73,56,21.4,105.6,116.7,16.1,14.3,44.9,30.6,41.1,86.1,35.1,-2.7
Carlos Santana,CLE,2025,174,119,18.5,105.6,112.9,16.8,13.4,51.8,38.4,28.1,85.9,35.3,-5.0
Brewer Hicklen,DET,2025,4,2,50.0,105.7,109.9,0.0,24.5,46.7,22.2,27.3,66.7,57.1,-25.1
Freddie Freeman,LAD,2025,141,100,28.0,105.7,111.6,11.0,15.0,47.8,32.8,30.9,78.9,34.1,-5.2
Tommy Pham,PIT,2025,124,77,16.9,105.7,109.9,7.8,13.5,52.6,39.1,22.8,82.1,30.3,-5.4
Trey Lipscomb,WSH,2025,4,3,0.0,105.7,109.9,0.0,-4.5,45.5,50.0,12.5,80.0,100.0,-6.9
Max Muncy,LAD,2025,165,94,31.9,105.8,110.5,17.0,12.7,50.1,37.4,26.7,83.5,32.7,-7.5
Ramon Laureano,BAL,2025,90,54,31.5,105.8,110.9,14.8,16.6,51.5,34.9,29.2,79.4,44.0,-13.1
Adolis Garcia,TEX,2025,177,125,26.4,105.8,113.6,16.0,8.8,44.4,35.6,42.7,78.1,36.2,-3.9
Bryan Reynolds,PIT,2025,190,121,26.4,105.8,112.0,7.4,11.7,47.2,35.5,28.8,85.4,34.1,-8.3
Brandon Nimmo,NYM,2025,178,133,23.3,105.8,108.3,8.3,8.7,46.8,38.1,27.8,84.8,28.0,-3.8
Josh Naylor,ARI,2025,189,147,22.4,105.8,110.8,10.9,7.1,45.8,38.7,36.5,90.2,23.0,2.9
Michael Toglia,COL,2025,167,92,27.2,105.9,109.6,9.8,14.6,49.6,35.0,29.4,77.5,44.1,-13.8
Nathaniel Lowe,WSH,2025,193,122,24.6,105.9,111.7,6.6,13.1,51.6,38.5,28.9,85.0,25.1,-2.0
Josh Jung,TEX,2025,142,105,23.8,105.9,108.0,7.6,12.6,49.7,37.1,33.9,84.2,27.0,-0.5
Bo Bichette,TOR,2025,202,156,23.1,105.9,112.3,5.8,15.9,47.3,31.4,41.2,89.9,27.6,3.3
Amed Rosario,WSH,2025,85,70,21.4,105.9,108.7,7.1,19.5,49.7,30.2,40.5,87.7,31.7,0.3
Jack Suwinski,PIT,2025,45,20,30.0,106.0,110.4,15.0,2.9,50.4,47.5,28.2,72.9,35.1,-12.2
Jordan Westburg,BAL,2025,98,70,28.6,106.0,110.0,7.1,5.6,45.5,39.9,28.6,84.9,28.4,-3.5
Colt Keith,DET,2025,131,84,21.4,106.0,109.6,7.1,16.9,55.0,38.1,23.7,89.9,30.5,-2.2
Eric Wagaman,MIA,2025,154,116,19.0,106.0,110.3,5.2,13.8,50.8,37.0,31.3,88.3,37.7,-2.6
Braxton Fulford,COL,2025,8,3,66.7,106.1,108.6,66.7,-0.8,42.1,42.9,44.4,77.8,62.5,-10.0
Jesus Sanchez,MIA,2025,104,69,26.1,106.1,111.5,4.3,14.3,50.0,35.7,30.4,76.5,27.3,-3.9
Teoscar Hernandez,LAD,2025,136,107,23.4,106.1,112.5,7.5,11.4,45.5,34.1,33.7,77.7,39.0,-7.6
Cam Smith,HOU,2025,117,68,19.1,106.1,110.6,4.4,10.6,51.4,40.8,28.1,74.4,40.2,-12.6
Starling Marte,NYM,2025,86,59,18.6,106.1,110.5,3.4,10.7,46.8,36.1,39.5,89.2,28.6,-0.8
Wyatt Langford,TEX,2025,153,101,31.7,106.2,110.7,10.9,20.8,53.4,32.6,24.9,86.9,30.2,-1.9
Brent Rooker,OAK,2025,197,129,28.7,106.2,110.3,9.3,17.0,47.9,30.9,33.9,82.5,45.0,-10.2
Paul Goldschmidt,NYY,2025,181,137,28.5,106.2,109.4,5.1,15.3,49.4,34.1,32.8,88.0,24.3,2.1
Christian Yelich,MIL,2025,182,108,22.2,106.2,113.4,3.7,12.4,51.4,39.0,31.6,82.7,34.8,-9.8
Michael Conforto,LAD,2025,159,89,21.3,106.2,110.9,6.7,12.7,53.2,40.5,29.1,85.5,33.3,-7.8
Taylor Ward,LAA,2025,175,118,38.1,106.3,110.3,5.9,12.9,51.9,39.0,24.2,87.6,26.6,0.3
Akil Baddoo,DET,2025,3,2,0.0,106.3,108.5,0.0,-25.0,25.0,50.0,66.7,100.0,,-14.1
Cal Raleigh,SEA,2025,184,110,34.5,106.4,110.7,25.5,17.4,49.2,31.8,32.7,79.6,36.1,-6.0
George Springer,TOR,2025,160,95,28.4,106.4,112.3,9.5,26.1,57.0,30.9,22.6,80.9,39.7,-11.1
Michael A. Taylor,CWS,2025,94,55,25.5,106.4,111.3,5.5,7.4,45.6,38.2,30.2,69.5,46.2,-20.6
Trevor Story,BOS,2025,182,115,25.2,106.4,111.7,4.3,11.0,43.2,32.2,41.0,79.8,36.8,-3.7
Christian Walker,HOU,2025,180,113,31.9,106.5,112.8,13.3,13.4,47.1,33.7,35.7,86.8,33.3,-6.4
Rece Hinds,CIN,2025,16,7,28.6,106.5,107.6,28.6,20.7,52.8,32.1,43.2,61.5,60.0,-23.2
Kyren Paris,LAA,2025,121,59,27.1,106.5,108.7,10.2,9.9,46.1,36.2,38.2,68.0,56.1,-23.3
Brendan Rodgers,HOU,2025,97,53,24.5,106.5,112.2,3.8,2.8,46.4,43.6,32.4,76.5,48.5,-17.4
Brandon Lowe,TB,2025,166,107,34.6,106.6,111.6,13.1,11.8,43.9,32.1,36.8,79.8,38.7,-16.1
Mike Trout,LAA,2025,118,71,33.8,106.6,115.4,14.1,8.5,49.8,41.3,26.4,82.2,38.2,-6.0
Drake Baldwin,ATL,2025,82,62,30.6,106.6,110.0,6.5,17.8,50.6,32.8,32.8,88.1,21.3,1.9
Jackson Merrill,SD,2025,77,59,27.1,106.6,110.9,6.8,18.0,42.0,24.0,39.7,86.3,24.4,2.7
Alejandro Kirk,TOR,2025,136,116,23.3,106.6,111.4,6.0,3.3,44.8,41.5,36.1,89.3,23.7,-0.1
Luis Robert,CWS,2025,167,95,22.1,106.6,115.8,8.4,20.7,49.8,29.1,32.4,83.7,36.3,-7.8
Zach Neto,LAA,2025,104,66,37.9,106.7,111.3,9.1,20.4,54.1,33.7,32.1,89.1,36.4,-5.2
Ryan McMahon,COL,2025,177,93,36.6,106.7,111.2,15.1,14.2,50.9,36.7,27.4,82.9,49.7,-12.6
Alexander Canario,PIT,2025,72,47,34.0,106.7,110.6,8.5,19.3,47.0,27.7,31.0,74.4,47.2,-14.6
Riley Greene,DET,2025,182,119,33.6,106.7,114.3,10.1,15.8,47.3,31.5,33.3,80.2,34.4,-4.5
Jorge Polanco,SEA,2025,122,98,29.6,106.7,111.9,15.3,13.9,49.3,35.4,30.5,90.7,29.2,-0.8
Salvador Perez,KC,2025,178,129,29.5,106.7,114.8,8.5,20.3,46.8,26.5,46.4,86.2,32.2,0.0
Tyler Freeman,COL,2025,16,9,0.0,106.7,108.0,0.0,11.6,51.1,39.5,37.5,100.0,21.4,6.0
Bryce Harper,PHI,2025,196,127,30.7,106.8,110.6,7.9,20.5,50.3,29.8,35.2,80.4,43.2,-8.7
Ryan Mountcastle,BAL,2025,156,112,30.4,106.8,116.7,11.6,13.0,43.9,30.9,41.3,81.2,37.2,-4.8
Matt Chapman,SF,2025,193,109,30.3,106.8,113.5,12.8,23.4,55.5,32.1,22.7,77.9,30.4,-5.6
Garrett Mitchell,MIL,2025,78,45,28.9,106.8,110.8,6.7,9.6,49.0,39.4,26.2,80.0,43.3,-12.4
Jasson Dominguez,NYY,2025,147,83,25.3,106.8,112.1,6.0,15.8,49.4,33.6,37.0,81.1,37.3,-9.0
Trevor Larnach,MIN,2025,185,126,15.9,106.8,111.8,6.3,13.5,52.3,38.8,28.1,88.0,37.4,-3.5
Wilyer Abreu,BOS,2025,166,115,40.0,106.9,110.8,18.3,6.5,43.0,36.5,30.6,90.5,17.1,0.0
Matt Wallner,MIN,2025,70,38,34.2,106.9,112.0,15.8,14.4,46.3,31.9,30.1,61.4,47.1,-24.0
Lars Nootbaar,STL,2025,204,144,31.2,106.9,112.7,7.6,13.0,55.8,42.8,22.1,90.7,28.2,2.8
Austin Wynns,CIN,2025,42,27,25.9,106.9,107.8,14.8,3.1,47.1,44.0,20.5,79.3,43.6,-7.9
Joc Pederson,TEX,2025,132,87,23.0,106.9,111.7,9.2,18.8,53.1,34.3,27.9,85.2,29.1,-1.6
Luken Baker,STL,2025,41,24,37.5,107.0,109.5,8.3,21.2,54.2,33.0,26.5,78.7,37.9,-13.6
Randy Arozarena,SEA,2025,179,96,32.3,107.0,112.3,14.6,17.4,55.6,38.2,29.5,73.8,33.3,-9.4
J.T. Realmuto,PHI,2025,152,98,28.6,107.0,109.3,8.2,16.3,50.9,34.6,32.5,86.6,31.8,0.9
Ian Happ,CHC,2025,187,127,25.2,107.0,112.0,8.7,9.9,49.2,39.3,28.1,87.4,26.9,-4.5
Weston Wilson,PHI,2025,15,9,44.4,107.1,107.3,11.1,14.3,51.1,36.8,25.6,90.0,50.0,-9.7
Jake Bauers,MIL,2025,71,36,38.9,107.1,108.7,5.6,12.3,52.8,40.5,25.8,81.9,41.4,-16.6
Eugenio Suarez,ARI,2025,184,117,35.9,107.1,111.8,15.4,19.1,52.3,33.2,34.5,86.1,35.4,-4.4
Romy Gonzalez,BOS,2025,58,41,26.8,107.1,111.4,4.9,13.2,43.7,30.5,35.5,79.2,43.1,-10.7
Nolan Jones,CLE,2025,117,66,31.8,107.2,109.8,6.1,10.1,51.7,41.6,27.9,83.9,30.9,-3.3
Seiya Suzuki,CHC,2025,183,117,30.8,107.2,114.3,10.3,15.2,53.5,38.3,28.9,84.8,29.0,-1.3
Rowdy Tellez,SEA,2025,102,66,28.8,107.2,113.1,13.6,10.2,52.2,42.0,31.9,81.7,45.4,-8.3
Brett Baty,NYM,2025,78,51,27.5,107.2,113.9,5.9,2.3,43.9,41.6,35.4,78.7,26.4,-5.2
Hunter Goodman,COL,2025,169,116,25.9,107.2,116.2,8.6,18.2,46.1,27.9,37.7,79.9,39.8,-9.1
Thomas Saggese,STL,2025,44,31,22.6,107.2,109.9,6.5,11.6,43.1,31.5,41.0,74.5,26.8,-9.3
Shea Langeliers,OAK,2025,161,123,29.3,107.3,114.5,10.6,17.9,50.4,32.5,32.9,86.9,22.0,3.5
Joey Bart,PIT,2025,139,84,21.4,107.3,111.0,11.9,27.6,60.3,32.7,25.8,82.8,33.3,-1.9
Jonathan Aranda,TB,2025,152,95,33.7,107.4,111.4,10.5,16.7,51.9,35.2,33.1,76.2,26.6,-3.1
Griffin Conine,MIA,2025,71,45,28.9,107.4,117.4,2.2,9.0,48.0,39.0,25.2,76.9,30.9,-10.5
Eric Haase,MIL,2025,30,16,18.8,107.4,108.8,12.5,5.8,48.3,42.5,33.8,73.0,42.9,-17.8
Jorge Soler,LAA,2025,165,100,21.0,107.5,112.7,10.0,17.8,52.6,34.8,27.5,82.8,31.6,-5.6
James Outman,LAD,2025,27,11,54.5,107.6,109.8,0.0,9.9,52.3,42.4,37.9,73.9,58.1,-23.7
Lawrence Butler,OAK,2025,184,122,27.0,107.6,113.6,3.3,19.1,49.7,30.6,30.4,81.9,42.5,-13.6
Jo Adell,LAA,2025,117,78,24.4,107.6,111.7,9.0,6.4,42.3,35.9,37.1,82.1,36.4,-6.2
Kody Clemens,MIN,2025,33,19,63.2,107.7,109.0,10.5,3.1,47.7,44.6,31.6,84.6,14.8,-3.4
Sean Murphy,ATL,2025,113,63,28.6,107.7,112.5,11.1,12.3,49.1,36.8,27.4,86.3,34.3,-3.8
Carlos Narvaez,BOS,2025,120,78,26.9,107.7,110.8,9.0,17.1,47.2,30.1,36.2,82.5,34.5,-7.1
William Contreras,MIL,2025,175,119,23.5,107.7,114.1,2.5,17.3,50.8,33.5,30.0,81.4,30.1,-6.0
Daulton Varsho,TOR,2025,48,27,44.4,107.8,113.9,18.5,3.3,37.9,34.6,41.6,82.8,35.2,-7.3
Matthew Lugo,LAA,2025,17,12,33.3,107.8,108.0,25.0,-8.1,41.9,50.0,44.8,76.9,20.0,-9.8
Gunnar Henderson,BAL,2025,156,104,32.7,107.8,113.3,3.8,6.2,47.9,41.7,30.3,84.2,40.2,-6.1
Riley Adams,WSH,2025,31,16,25.0,107.8,109.6,0.0,12.0,50.7,38.7,46.1,74.2,41.2,-14.0
Elly De La Cruz,CIN,2025,198,124,23.4,107.8,114.9,7.3,11.7,53.9,42.2,29.2,80.5,34.7,-8.8
Gary Sanchez,BAL,2025,35,19,21.1,107.8,108.8,21.1,13.6,53.1,39.5,31.0,82.5,42.5,-4.8
Gabriel Arias,CLE,2025,154,102,20.6,107.8,112.3,5.9,20.1,45.5,25.4,43.0,70.5,42.2,-14.6
Coby Mayo,BAL,2025,13,6,50.0,107.9,109.3,0.0,17.3,53.3,36.0,43.8,72.7,50.0,-9.4
Marcell Ozuna,ATL,2025,182,109,38.5,107.9,111.6,7.3,23.0,58.7,35.7,23.4,82.5,33.1,-2.7
Ben Rice,NYY,2025,157,96,35.4,107.9,113.2,15.6,9.2,50.3,41.1,26.1,86.4,37.6,-4.7
Byron Buxton,MIN,2025,172,104,31.7,107.9,112.5,13.5,16.3,48.5,32.2,33.5,79.2,40.9,-10.4
Jarren Duran,BOS,2025,213,151,26.5,108.0,112.0,3.3,8.5,46.9,38.4,36.6,86.8,29.8,-4.1
Dalton Rushing,LAD,2025,5,3,66.7,108.1,110.0,0.0,17.2,64.3,47.1,0.0,100.0,0.0,11.2
Christopher Morel,TB,2025,120,62,32.3,108.1,113.4,12.9,20.5,49.1,28.6,34.9,77.9,43.1,-15.0
Ketel Marte,ARI,2025,81,58,24.1,108.2,115.5,8.6,16.0,51.9,35.9,29.2,88.4,30.6,1.8
Jake Burger,TEX,2025,127,82,37.8,108.3,113.0,7.3,4.7,45.2,40.5,35.7,85.8,35.7,-4.9
Heliot Ramos,SF,2025,188,129,26.4,108.3,113.6,4.7,14.8,47.1,32.3,36.0,86.9,23.5,-2.6
Bobby Witt,KC,2025,198,145,33.8,108.4,114.8,5.5,23.5,51.0,27.5,35.1,84.0,24.5,3.2
Francisco Alvarez,NYM,2025,60,36,30.6,108.4,115.0,11.1,28.2,52.6,24.4,34.4,74.6,34.8,-14.6
Yordan Alvarez,HOU,2025,118,84,34.5,108.5,113.6,10.7,11.7,50.9,39.2,34.3,91.7,34.2,3.2
Matt Olson,ATL,2025,194,120,32.5,108.5,113.8,6.7,19.2,54.0,34.8,28.1,79.8,24.9,-4.5
Luke Raley,SEA,2025,84,49,26.5,108.5,114.3,6.1,18.6,43.9,25.3,37.4,72.1,42.1,-16.9
Tyler Soderstrom,OAK,2025,189,129,31.8,108.6,111.7,8.5,8.4,47.2,38.8,32.8,89.9,30.7,-4.3
Rafael Devers,BOS,2025,209,121,31.4,108.6,111.1,8.3,19.7,48.3,28.6,27.1,67.4,36.2,-13.7
Julio Rodriguez,SEA,2025,194,135,25.9,108.6,114.7,7.4,18.5,45.0,26.5,40.8,77.7,35.1,-6.4
Randal Grichuk,ARI,2025,67,49,20.4,108.6,111.6,14.3,-4.9,43.5,48.4,42.9,93.4,25.4,7.9
Corey Seager,TEX,2025,106,82,36.6,108.8,112.4,6.1,21.4,46.0,24.6,34.1,85.4,31.9,-3.4
Kyle Schwarber,PHI,2025,195,121,34.7,108.8,116.7,13.2,19.6,56.6,37.0,23.1,83.6,34.8,-7.9
Ivan Herrera,STL,2025,50,35,34.3,108.8,112.1,14.3,10.0,47.3,37.3,32.6,92.1,31.5,0.3
Kyle Stowers,MIA,2025,167,98,31.6,108.8,110.3,9.2,10.5,42.7,32.2,31.8,74.6,32.9,-13.4
Michael Harris,ATL,2025,186,145,22.8,108.8,112.4,8.3,-2.3,42.3,44.6,42.5,93.4,23.5,3.5
Corbin Carroll,ARI,2025,209,137,43.1,108.9,115.8,8.8,12.3,48.2,35.9,37.1,83.2,28.0,-4.1
Manny Machado,SD,2025,176,130,26.9,108.9,114.8,5.4,17.0,50.8,33.8,30.6,84.7,26.0,0.3
Willson Contreras,STL,2025,189,122,24.6,108.9,114.7,7.4,12.1,48.3,36.2,35.3,84.6,37.1,-3.0
Agustin Ramirez,MIA,2025,87,63,34.9,109.0,114.7,4.8,6.8,44.2,37.4,36.5,90.1,27.9,0.2
Fernando Tatis,SD,2025,183,132,29.5,109.0,112.8,5.3,23.9,51.6,27.7,29.4,83.6,34.3,-5.5
Yandy Diaz,TB,2025,179,141,30.5,109.4,113.4,3.5,13.9,51.2,37.3,28.8,93.3,19.6,6.0
Austin Riley,ATL,2025,197,132,39.4,109.5,113.2,11.4,16.0,47.3,31.3,35.2,80.1,31.2,-6.2
Junior Caminero,TB,2025,173,131,21.4,109.5,116.5,8.4,17.0,50.3,33.3,38.7,87.0,22.3,3.0
Juan Soto,NYM,2025,196,132,34.8,109.6,114.3,6.8,17.3,57.9,40.6,18.0,89.3,21.5,-0.2
Casey Schmitt,SF,2025,24,14,50.0,109.7,111.4,0.0,-6.0,35.4,41.4,52.0,92.3,44.1,-6.5
Nick Kurtz,OAK,2025,73,40,30.0,109.8,113.6,10.0,8.6,48.7,40.1,33.1,71.6,41.5,-17.6
Jordan Walker,STL,2025,142,88,20.5,110.0,116.5,4.5,12.5,49.1,36.6,37.0,84.3,41.8,-10.2
Addison Barger,TOR,2025,74,54,33.3,110.1,116.5,9.3,16.6,48.6,32.0,25.5,82.4,28.6,-4.0
Shohei Ohtani,LAD,2025,198,125,50.4,110.5,117.9,9.6,20.4,53.7,33.3,26.6,81.4,38.8,-8.6
Pete Alonso,NYM,2025,198,126,38.9,110.7,114.6,9.5,21.5,54.6,33.1,28.2,82.2,25.1,-0.6
James Wood,WSH,2025,203,123,34.1,110.7,117.9,1.6,16.5,56.9,40.4,27.7,83.2,36.6,-5.4
Vladimir Guerrero,TOR,2025,191,132,25.8,111.1,120.4,3.8,23.3,56.8,33.5,27.5,83.9,27.3,1.1
Aaron Judge,NYY,2025,195,127,39.4,111.9,117.7,5.5,24.8,53.4,28.6,27.0,81.8,44.0,-10.4
Jhonkensy Noel,CLE,2025,82,54,24.1,112.8,117.2,13.0,18.9,48.4,29.5,46.7,77.6,46.5,-5.8
Oneil Cruz,PIT,2025,157,84,39.3,115.1,119.6,8.3,18.9,58.7,39.8,29.8,75.7,40.0,-8.5
